/*
Deployment script for DAD

This code was generated by a tool.
Changes to this file may cause incorrect behavior and will be lost if
the code is regenerated.
*/

GO
SET ANSI_NULLS, ANSI_PADDING, ANSI_WARNINGS, ARITHABORT, CONCAT_NULL_YIELDS_NULL, QUOTED_IDENTIFIER ON;

SET NUMERIC_ROUNDABORT OFF;


GO
:setvar DatabaseName "DAD"
:setvar DefaultFilePrefix "DAD"
:setvar DefaultDataPath ""
:setvar DefaultLogPath ""

GO
:on error exit
GO
/*
Detect SQLCMD mode and disable script execution if SQLCMD mode is not supported.
To re-enable the script after enabling SQLCMD mode, execute the following:
SET NOEXEC OFF; 
*/
:setvar __IsSqlCmdEnabled "True"
GO
IF N'$(__IsSqlCmdEnabled)' NOT LIKE N'True'
    BEGIN
        PRINT N'SQLCMD mode must be enabled to successfully execute this script.';
        SET NOEXEC ON;
    END


GO
PRINT N'Creating [dbo].[Owner]...';


GO
CREATE TABLE [dbo].[Owner] (
    [OWNERID]   INT           NOT NULL,
    [SURNAME]   NVARCHAR (50) NULL,
    [FIRSTNAME] NVARCHAR (25) NULL,
    [PHONE]     NVARCHAR (11) NULL,
    PRIMARY KEY CLUSTERED ([OWNERID] ASC)
);


GO
PRINT N'Creating [dbo].[Pet]...';


GO
CREATE TABLE [dbo].[Pet] (
    [PETTYPE] NVARCHAR (20) NOT NULL,
    [PETNAME] NVARCHAR (20) NOT NULL,
    [OWNERID] INT           NOT NULL,
    PRIMARY KEY CLUSTERED ([PETTYPE] ASC, [PETNAME] ASC, [OWNERID] ASC)
);


GO
PRINT N'Creating [dbo].[Procedure]...';


GO
CREATE TABLE [dbo].[Procedure] (
    [PROCEDUREID] INT           NOT NULL,
    [DESCRIPTION] NVARCHAR (80) NULL,
    [PRICE]       INT           NULL,
    PRIMARY KEY CLUSTERED ([PROCEDUREID] ASC)
);


GO
PRINT N'Creating [dbo].[Treatment]...';


GO
CREATE TABLE [dbo].[Treatment] (
    [TREATMENTDATE] DATE           NOT NULL,
    [NOTES]         NVARCHAR (100) NULL,
    [PRICE]         INT            NULL,
    [PETTYPE]       NVARCHAR (20)  NOT NULL,
    [PETNAME]       NVARCHAR (20)  NOT NULL,
    [OWNERID]       INT            NOT NULL,
    [PROCEDUREID]   INT            NOT NULL,
    PRIMARY KEY CLUSTERED ([TREATMENTDATE] ASC, [PETTYPE] ASC, [PETNAME] ASC, [OWNERID] ASC, [PROCEDUREID] ASC)
);


GO
PRINT N'Creating unnamed constraint on [dbo].[Pet]...';


GO
ALTER TABLE [dbo].[Pet] WITH NOCHECK
    ADD FOREIGN KEY ([OWNERID]) REFERENCES [dbo].[Owner] ([OWNERID]);


GO
PRINT N'Creating unnamed constraint on [dbo].[Treatment]...';


GO
ALTER TABLE [dbo].[Treatment] WITH NOCHECK
    ADD FOREIGN KEY ([PETTYPE], [PETNAME], [OWNERID]) REFERENCES [dbo].[Pet] ([PETTYPE], [PETNAME], [OWNERID]);


GO
PRINT N'Creating unnamed constraint on [dbo].[Treatment]...';


GO
ALTER TABLE [dbo].[Treatment] WITH NOCHECK
    ADD FOREIGN KEY ([PROCEDUREID]) REFERENCES [dbo].[Procedure] ([PROCEDUREID]);


GO
/*
Post-Deployment Script Template							
--------------------------------------------------------------------------------------
 This file contains SQL statements that will be appended to the build script.		
 Use SQLCMD syntax to include a file in the post-deployment script.			
 Example:      :r .\myfile.sql								
 Use SQLCMD syntax to reference a variable in the post-deployment script.		
 Example:      :setvar TableName MyTable							
               SELECT * FROM [$(TableName)]					
--------------------------------------------------------------------------------------
*/

DELETE FROM TREATMENT;
DELETE FROM PET;
DELETE FROM [OWNER];
DELETE FROM [PROCEDURE];

INSERT INTO [OWNER](OWNERID, SURNAME, FIRSTNAME, PHONE) VALUES
(1, 'Sinatra', 'Frank', '400111222'),
(2, 'Ellington', 'Duke', '400222333'),
(3, 'Fitzgerald', 'Ella', '400333444');

INSERT INTO PET(PETTYPE, PETNAME, OWNERID) VALUES
('Dog', 'Buster', 1),
('Cat', 'Fluffy', 1),
('Rabbit', 'Stew', 2),
('Dog', 'Pooper', 3),
('Dog', 'Buster', 3);

INSERT INTO [PROCEDURE](PROCEDUREID, [DESCRIPTION], PRICE) VALUES
(1, 'Rabies Vaccination', 24),
(10, 'Examine and Treat Wound', 30),
(5, 'Heart Worm Test', 25),
(8, 'Tetnus Vaccination', 17);

INSERT INTO Treatment(TREATMENTDATE, PROCEDUREID, NOTES, PRICE, PETTYPE, PETNAME, OWNERID) VALUES
('2017-6-27', 1 ,'Routine vaccination', 24, 'Dog', 'Buster', 1), 

('2018-5-15', 1, 'Booster Shot', 24, 'Dog', 'Buster', 1),

('2018-5-10', 10, 'Wounds sustained in apparent cat fight', 30, 'Cat', 'Fluffy', 1),
('2017-6-20', 1, 'Routine vaccination', 24, 'Cat', 'Fluffy', 1),

('2018-5-10', 10, 'Wounds sustained during attempt to cook the stew', 30, 'Rabbit', 'Stew', 2),
('2018-5-10', 1, 'Routine Vaccination', 24, 'Rabbit', 'Stew', 2),

('2018-5-18', 5, 'Heart Worm Test', 24, 'Dog', 'Pooper', 3),

('2017-6-20', 8, 'Stepped on a rusty nail', 17, 'Dog', 'Buster', 3),
('2017-6-20', 1, 'Routine Vaccination', 24, 'Dog', 'Buster', 3);
GO

GO
